<?xml version="1.0" encoding="UTF-8" standalone="no"?>
<!-- Licensed Materials - Property of IBM
			 5725-I43 (C) Copyright IBM Corp. 2006, 2013. All Rights Reserved.
			 US Government Users Restricted Rights - Use, duplication or
             disclosure restricted by GSA ADP Schedule Contract with IBM Corp. --><!-- Attribute "id" must be identical to application folder name --><application xmlns="http://www.worklight.com/application-descriptor" id="ADFlowOffice" platformVersion="6.1.0.1">
    <displayName>ADFlowOffice</displayName>
    <description>ADFlowOffice</description>
    <author>
        <name>ADFlow</name>
        <email>application author's e-mail</email>
        <homepage>http://www.adflow.com</homepage>
        <copyright>Copyright ADFlow</copyright>
    </author>
    <mainFile>ADFlowOffice.html</mainFile>

<!-- JSONStore setting -->
    <features>
        <JSONStore/>
    </features>
    <thumbnailImage>common/images/thumbnail.png</thumbnailImage>
    <android version="1.01">
        <worklightSettings include="true"/>
        <security>
            <encryptWebResources enabled="false"/>
            <testWebResourcesChecksum enabled="false" ignoreFileExtensions="png, jpg, jpeg, gif, mp4, mp3"/>
            <publicSigningKey>Replace this text with the actual public signing key of the certificate used to sign the APK, available by using the 'Extract public signing key' wizard.</publicSigningKey>
        </security>
    </android>
</application>
