<?xml version="1.0" encoding="UTF-8"?>
<!--
    Licensed Materials - Property of IBM
    5725-I43 (C) Copyright IBM Corp. 2011, 2013. All Rights Reserved.
    US Government Users Restricted Rights - Use, duplication or
    disclosure restricted by GSA ADP Schedule Contract with IBM Corp.
-->
<wl:adapter name="TokenAdapter"
	xmlns:xsi="http://www.w3.org/2001/XMLSchema-instance" 
	xmlns:wl="http://www.worklight.com/integration"
	xmlns:http="http://www.worklight.com/integration/http">

	<displayName>TokenAdapter</displayName>
	<description>TokenAdapter</description>
	<connectivity>
		<connectionPolicy xsi:type="http:HTTPConnectionPolicyType">
			<protocol>http</protocol>
			<domain>adflow.net</domain>
			<port>8080</port>			
		</connectionPolicy>
		<loadConstraints maxConcurrentConnectionsPerNode="2" />
	</connectivity>


	<procedure name="tokenAuthentication"> </procedure>
	
	

	
	
</wl:adapter>
