<?xml version="1.0" encoding="UTF-8"?>
<!-- Licensed Materials - Property of IBM 5725-I43 (C) Copyright IBM Corp. 
	2011, 2013. All Rights Reserved. US Government Users Restricted Rights - 
	Use, duplication or disclosure restricted by GSA ADP Schedule Contract with 
	IBM Corp. -->
<wl:adapter name="LoginAdapter" xmlns:xsi="http://www.w3.org/2001/XMLSchema-instance"
	xmlns:wl="http://www.worklight.com/integration" xmlns:sql="http://www.worklight.com/integration/sql">

	<displayName>LoginAdapter</displayName>
	<description>LoginAdapter</description>
	<connectivity>
		<connectionPolicy xsi:type="sql:SQLConnectionPolicy">
			<!-- Example for using a JNDI data source, replace with actual data source 
				name -->
			<!-- <dataSourceJNDIName>java:/data-source-jndi-name</dataSourceJNDIName> -->

			<!-- Example for using MySQL connector, do not forget to put the MySQL 
				connector library in the project's lib folder -->
			<dataSourceDefinition>
				<driverClass>com.mysql.jdbc.Driver</driverClass>
				<url>jdbc:mysql://192.168.0.20:3306/ADFlowOffice</url>
				<user>worklight</user>
				<password>passw0rd</password>
			</dataSourceDefinition>
		</connectionPolicy>
		<loadConstraints maxConcurrentConnectionsPerNode="5" />
	</connectivity>

	<!-- Replace this with appropriate procedures -->
	<procedure name="submitAuthentication" />
	<procedure name="onLogout" />
	<procedure name="getDummy" securityTest="LoginAdapterSecurityTest" />

</wl:adapter>
